n_intervals,h,l2_error,max_error,observed_order
8,0.125,0.000890748294522542,0.0012570907604877446,
16,0.0625,0.0002244714592623067,0.00031731545267577044,1.9884857929472823
32,0.03125,5.622498483242615e-05,7.978606854797121e-05,1.9972487512216694
64,0.015625,1.4062868581262897e-05,1.9955991212461388e-05,1.999320457620391
128,0.0078125,3.516129890979281e-06,4.989703540014823e-06,1.999830637350451
